id,velocidad,angulo,alcance_maximo,altura_maxima,tiempo_vuelo
1,10,30,8.827985767425469,1.2742099898063197,1.0193679918450558
2,55,45,308.35881753312947,77.08970438328237,7.928822215139676
3,20,60,35.31194306970188,15.290519877675838,3.5311943069701877
4,70,35,469.3673641030531,82.1636416336448,8.185596441299332
5,60,50,361.3973405549387,107.67414474008534,9.370574227755082
